{
    "params": {
        "ccp_alpha": 0.0,
        "class_weight": null,
        "criterion": "gini",
        "max_depth": null,
        "max_features": null,
        "max_leaf_nodes": null,
        "min_impurity_decrease": 0.0,
        "min_samples_leaf": 1,
        "min_samples_split": 2,
        "min_weight_fraction_leaf": 0.0,
        "monotonic_cst": null,
        "random_state": 42,
        "splitter": "best"
    },
    "tree_": {
        "children_left": [
            1,
            2,
            3,
            4,
            -1,
            6,
            -1,
            8,
            9,
            10,
            11,
            12,
            -1,
            -1,
            15,
            -1,
            17,
            -1,
            -1,
            -1,
            21,
            -1,
            -1,
            -1,
            25,
            -1,
            -1,
            28,
            -1,
            -1,
            31,
            32,
            -1,
            -1,
            -1
        ],
        "children_right": [
            30,
            27,
            24,
            5,
            -1,
            7,
            -1,
            23,
            20,
            19,
            14,
            13,
            -1,
            -1,
            16,
            -1,
            18,
            -1,
            -1,
            -1,
            22,
            -1,
            -1,
            -1,
            26,
            -1,
            -1,
            29,
            -1,
            -1,
            34,
            33,
            -1,
            -1,
            -1
        ],
        "feature": [
            15,
            18,
            7,
            20,
            -2,
            7,
            -2,
            23,
            18,
            13,
            20,
            1,
            -2,
            -2,
            23,
            -2,
            10,
            -2,
            -2,
            -2,
            19,
            -2,
            -2,
            -2,
            10,
            -2,
            -2,
            2,
            -2,
            -2,
            23,
            2,
            -2,
            -2,
            -2
        ],
        "threshold": [
            1.1256475448608398,
            3.1774693727493286,
            1.1202114820480347,
            -1.5203374028205872,
            -2.0,
            1.1056355237960815,
            -2.0,
            1.1311962604522705,
            3.1694271564483643,
            1.7715656161308289,
            -1.5129526853561401,
            3.763671875,
            -2.0,
            -2.0,
            1.1221410036087036,
            -2.0,
            3.164328932762146,
            -2.0,
            -2.0,
            -2.0,
            -0.0002955304807983339,
            -2.0,
            -2.0,
            -2.0,
            2.9501246213912964,
            -2.0,
            -2.0,
            3.107241988182068,
            -2.0,
            -2.0,
            1.1282861828804016,
            2.30092716217041,
            -2.0,
            -2.0,
            -2.0
        ],
        "value": [
            [
                [
                    0.5140625,
                    0.121875,
                    0.11875,
                    0.1203125,
                    0.125
                ]
            ],
            [
                [
                    0.6511156186612576,
                    0.15821501014198783,
                    0.028397565922920892,
                    0.0,
                    0.16227180527383367
                ]
            ],
            [
                [
                    0.7476415094339622,
                    0.030660377358490566,
                    0.0330188679245283,
                    0.0,
                    0.18867924528301888
                ]
            ],
            [
                [
                    0.8652694610778443,
                    0.038922155688622756,
                    0.041916167664670656,
                    0.0,
                    0.05389221556886228
                ]
            ],
            [
                [
                    0.0,
                    0.0,
                    0.0,
                    0.0,
                    1.0
                ]
            ],
            [
                [
                    0.8975155279503105,
                    0.040372670807453416,
                    0.043478260869565216,
                    0.0,
                    0.018633540372670808
                ]
            ],
            [
                [
                    0.0,
                    1.0,
                    0.0,
                    0.0,
                    0.0
                ]
            ],
            [
                [
                    0.9262820512820513,
                    0.009615384615384616,
                    0.04487179487179487,
                    0.0,
                    0.019230769230769232
                ]
            ],
            [
                [
                    0.9537953795379538,
                    0.009900990099009901,
                    0.0165016501650165,
                    0.0,
                    0.019801980198019802
                ]
            ],
            [
                [
                    0.9628378378378378,
                    0.0,
                    0.016891891891891893,
                    0.0,
                    0.02027027027027027
                ]
            ],
            [
                [
                    0.9661016949152542,
                    0.0,
                    0.01694915254237288,
                    0.0,
                    0.01694915254237288
                ]
            ],
            [
                [
                    0.8484848484848485,
                    0.0,
                    0.0,
                    0.0,
                    0.15151515151515152
                ]
            ],
            [
                [
                    1.0,
                    0.0,
                    0.0,
                    0.0,
                    0.0
                ]
            ],
            [
                [
                    0.0,
                    0.0,
                    0.0,
                    0.0,
                    1.0
                ]
            ],
            [
                [
                    0.9809160305343512,
                    0.0,
                    0.019083969465648856,
                    0.0,
                    0.0
                ]
            ],
            [
                [
                    1.0,
                    0.0,
                    0.0,
                    0.0,
                    0.0
                ]
            ],
            [
                [
                    0.9074074074074074,
                    0.0,
                    0.09259259259259259,
                    0.0,
                    0.0
                ]
            ],
            [
                [
                    0.0,
                    0.0,
                    1.0,
                    0.0,
                    0.0
                ]
            ],
            [
                [
                    1.0,
                    0.0,
                    0.0,
                    0.0,
                    0.0
                ]
            ],
            [
                [
                    0.0,
                    0.0,
                    0.0,
                    0.0,
                    1.0
                ]
            ],
            [
                [
                    0.5714285714285714,
                    0.42857142857142855,
                    0.0,
                    0.0,
                    0.0
                ]
            ],
            [
                [
                    0.0,
                    1.0,
                    0.0,
                    0.0,
                    0.0
                ]
            ],
            [
                [
                    1.0,
                    0.0,
